{
  "MAE": 107.4817504916829,
  "RMSE": 148.7301234996456,
  "n_test": 1000
}