{
  "MAE": 40.91662550180147,
  "RMSE": 48.62419064969389,
  "n_test": 1000
}