{
  "MAE": 81.20219737290968,
  "RMSE": 106.80223810158016,
  "n_test": 1000
}